<?xml version="1.0" encoding="UTF-8" ?>
<!-- This is a WordPress eXtended RSS file generated by WordPress as an export of your site. -->
<!-- It contains information about your site's posts, pages, comments, categories, and other content. -->
<!-- You may use this file to transfer that content from one site to another. -->
<!-- This file is not intended to serve as a complete backup of your site. -->

<!-- To import this information into a WordPress site follow these steps: -->
<!-- 1. Log in to that site as an administrator. -->
<!-- 2. Go to Tools: Import in the WordPress admin panel. -->
<!-- 3. Install the "WordPress" importer from the list. -->
<!-- 4. Activate & Run Importer. -->
<!-- 5. Upload this file using the form provided on that page. -->
<!-- 6. You will first be asked to map the authors in this export file to users -->
<!--    on the site. For each author, you may choose to map to an -->
<!--    existing user on the site or to create a new user. -->
<!-- 7. WordPress will then import each of the posts, pages, comments, categories, etc. -->
<!--    contained in this file into your site. -->

	<!-- generator="WordPress/6.4.3" created="2024-02-13 02:40" -->
<rss version="2.0"
	xmlns:excerpt="http://wordpress.org/export/1.2/excerpt/"
	xmlns:content="http://purl.org/rss/1.0/modules/content/"
	xmlns:wfw="http://wellformedweb.org/CommentAPI/"
	xmlns:dc="http://purl.org/dc/elements/1.1/"
	xmlns:wp="http://wordpress.org/export/1.2/"
>

<channel>
	<title>CMS Class 2024</title>
	<link>http://localhost/wordpress</link>
	<description></description>
	<pubDate>Tue, 13 Feb 2024 02:40:55 +0000</pubDate>
	<language>en-US</language>
	<wp:wxr_version>1.2</wp:wxr_version>
	<wp:base_site_url>http://localhost/wordpress</wp:base_site_url>
	<wp:base_blog_url>http://localhost/wordpress</wp:base_blog_url>

		<wp:author><wp:author_id>1</wp:author_id><wp:author_login><![CDATA[Suvam200511405]]></wp:author_login><wp:author_email><![CDATA[200511405@student.georgianc.on.ca]]></wp:author_email><wp:author_display_name><![CDATA[Suvam200511405]]></wp:author_display_name><wp:author_first_name><![CDATA[]]></wp:author_first_name><wp:author_last_name><![CDATA[]]></wp:author_last_name></wp:author>

		<wp:category>
		<wp:term_id>4</wp:term_id>
		<wp:category_nicename><![CDATA[future-goals]]></wp:category_nicename>
		<wp:category_parent><![CDATA[]]></wp:category_parent>
		<wp:cat_name><![CDATA[Future Goals]]></wp:cat_name>
<wp:category_description><![CDATA[This is my future plans after completion of my study.]]></wp:category_description>
	</wp:category>
		<wp:category>
		<wp:term_id>2</wp:term_id>
		<wp:category_nicename><![CDATA[learning-journey]]></wp:category_nicename>
		<wp:category_parent><![CDATA[]]></wp:category_parent>
		<wp:cat_name><![CDATA[Learning Journey]]></wp:cat_name>
<wp:category_description><![CDATA[This is my journey from first till the last Semester of this program.]]></wp:category_description>
	</wp:category>
		<wp:category>
		<wp:term_id>3</wp:term_id>
		<wp:category_nicename><![CDATA[my-projects]]></wp:category_nicename>
		<wp:category_parent><![CDATA[]]></wp:category_parent>
		<wp:cat_name><![CDATA[My Projects]]></wp:cat_name>
<wp:category_description><![CDATA[These are some of my best projects/assignments that I did during my academic journey.]]></wp:category_description>
	</wp:category>
		<wp:category>
		<wp:term_id>1</wp:term_id>
		<wp:category_nicename><![CDATA[uncategorized]]></wp:category_nicename>
		<wp:category_parent><![CDATA[]]></wp:category_parent>
		<wp:cat_name><![CDATA[Uncategorized]]></wp:cat_name>
	</wp:category>
				
	<generator>https://wordpress.org/?v=6.4.3</generator>

		<item>
		<title><![CDATA[Hello world!]]></title>
		<link>http://localhost/wordpress/?p=1</link>
		<pubDate>Mon, 15 Jan 2024 18:15:29 +0000</pubDate>
		<dc:creator><![CDATA[Suvam200511405]]></dc:creator>
		<guid isPermaLink="false">http://localhost/wordpress/?p=1</guid>
		<description></description>
		<content:encoded><![CDATA[<!-- wp:paragraph -->
<p>Welcome to WordPress. This is your first post. Edit or delete it, then start writing!</p>
<!-- /wp:paragraph -->]]></content:encoded>
		<excerpt:encoded><![CDATA[]]></excerpt:encoded>
		<wp:post_id>1</wp:post_id>
		<wp:post_date><![CDATA[2024-01-15 18:15:29]]></wp:post_date>
		<wp:post_date_gmt><![CDATA[2024-01-15 18:15:29]]></wp:post_date_gmt>
		<wp:post_modified><![CDATA[2024-02-13 00:20:14]]></wp:post_modified>
		<wp:post_modified_gmt><![CDATA[2024-02-13 00:20:14]]></wp:post_modified_gmt>
		<wp:comment_status><![CDATA[open]]></wp:comment_status>
		<wp:ping_status><![CDATA[open]]></wp:ping_status>
		<wp:post_name><![CDATA[hello-world__trashed]]></wp:post_name>
		<wp:status><![CDATA[trash]]></wp:status>
		<wp:post_parent>0</wp:post_parent>
		<wp:menu_order>0</wp:menu_order>
		<wp:post_type><![CDATA[post]]></wp:post_type>
		<wp:post_password><![CDATA[]]></wp:post_password>
		<wp:is_sticky>0</wp:is_sticky>
										<category domain="category" nicename="uncategorized"><![CDATA[Uncategorized]]></category>
						<wp:postmeta>
		<wp:meta_key><![CDATA[_wp_trash_meta_status]]></wp:meta_key>
		<wp:meta_value><![CDATA[publish]]></wp:meta_value>
		</wp:postmeta>
							<wp:postmeta>
		<wp:meta_key><![CDATA[_wp_trash_meta_time]]></wp:meta_key>
		<wp:meta_value><![CDATA[1707783614]]></wp:meta_value>
		</wp:postmeta>
							<wp:postmeta>
		<wp:meta_key><![CDATA[_wp_desired_post_slug]]></wp:meta_key>
		<wp:meta_value><![CDATA[hello-world]]></wp:meta_value>
		</wp:postmeta>
							<wp:postmeta>
		<wp:meta_key><![CDATA[_wp_trash_meta_comments_status]]></wp:meta_key>
		<wp:meta_value><![CDATA[a:1:{i:1;s:1:"1";}]]></wp:meta_value>
		</wp:postmeta>
							<wp:comment>
			<wp:comment_id>1</wp:comment_id>
			<wp:comment_author><![CDATA[A WordPress Commenter]]></wp:comment_author>
			<wp:comment_author_email><![CDATA[wapuu@wordpress.example]]></wp:comment_author_email>
			<wp:comment_author_url>https://wordpress.org/</wp:comment_author_url>
			<wp:comment_author_IP><![CDATA[]]></wp:comment_author_IP>
			<wp:comment_date><![CDATA[2024-01-15 18:15:29]]></wp:comment_date>
			<wp:comment_date_gmt><![CDATA[2024-01-15 18:15:29]]></wp:comment_date_gmt>
			<wp:comment_content><![CDATA[Hi, this is a comment.
To get started with moderating, editing, and deleting comments, please visit the Comments screen in the dashboard.
Commenter avatars come from <a href="https://en.gravatar.com/">Gravatar</a>.]]></wp:comment_content>
			<wp:comment_approved><![CDATA[post-trashed]]></wp:comment_approved>
			<wp:comment_type><![CDATA[comment]]></wp:comment_type>
			<wp:comment_parent>0</wp:comment_parent>
			<wp:comment_user_id>0</wp:comment_user_id>
							</wp:comment>
					</item>
					<item>
		<title><![CDATA[Sample Page]]></title>
		<link>http://localhost/wordpress/sample-page/</link>
		<pubDate>Mon, 15 Jan 2024 18:15:29 +0000</pubDate>
		<dc:creator><![CDATA[Suvam200511405]]></dc:creator>
		<guid isPermaLink="false">http://localhost/wordpress/?page_id=2</guid>
		<description></description>
		<content:encoded><![CDATA[<!-- wp:paragraph -->
<p>This is an example page. It's different from a blog post because it will stay in one place and will show up in your site navigation (in most themes). Most people start with an About page that introduces them to potential site visitors. It might say something like this:</p>
<!-- /wp:paragraph -->

<!-- wp:quote -->
<blockquote class="wp-block-quote"><p>Hi there! I'm a bike messenger by day, aspiring actor by night, and this is my website. I live in Los Angeles, have a great dog named Jack, and I like pi&#241;a coladas. (And gettin' caught in the rain.)</p></blockquote>
<!-- /wp:quote -->

<!-- wp:paragraph -->
<p>...or something like this:</p>
<!-- /wp:paragraph -->

<!-- wp:quote -->
<blockquote class="wp-block-quote"><p>The XYZ Doohickey Company was founded in 1971, and has been providing quality doohickeys to the public ever since. Located in Gotham City, XYZ employs over 2,000 people and does all kinds of awesome things for the Gotham community.</p></blockquote>
<!-- /wp:quote -->

<!-- wp:paragraph -->
<p>As a new WordPress user, you should go to <a href="http://localhost/wordpress/wp-admin/">your dashboard</a> to delete this page and create new pages for your content. Have fun!</p>
<!-- /wp:paragraph -->]]></content:encoded>
		<excerpt:encoded><![CDATA[]]></excerpt:encoded>
		<wp:post_id>2</wp:post_id>
		<wp:post_date><![CDATA[2024-01-15 18:15:29]]></wp:post_date>
		<wp:post_date_gmt><![CDATA[2024-01-15 18:15:29]]></wp:post_date_gmt>
		<wp:post_modified><![CDATA[2024-01-15 18:15:29]]></wp:post_modified>
		<wp:post_modified_gmt><![CDATA[2024-01-15 18:15:29]]></wp:post_modified_gmt>
		<wp:comment_status><![CDATA[closed]]></wp:comment_status>
		<wp:ping_status><![CDATA[open]]></wp:ping_status>
		<wp:post_name><![CDATA[sample-page]]></wp:post_name>
		<wp:status><![CDATA[publish]]></wp:status>
		<wp:post_parent>0</wp:post_parent>
		<wp:menu_order>0</wp:menu_order>
		<wp:post_type><![CDATA[page]]></wp:post_type>
		<wp:post_password><![CDATA[]]></wp:post_password>
		<wp:is_sticky>0</wp:is_sticky>
														<wp:postmeta>
		<wp:meta_key><![CDATA[_wp_page_template]]></wp:meta_key>
		<wp:meta_value><![CDATA[default]]></wp:meta_value>
		</wp:postmeta>
							</item>
					<item>
		<title><![CDATA[Privacy Policy]]></title>
		<link>http://localhost/wordpress/?page_id=3</link>
		<pubDate>Mon, 15 Jan 2024 18:15:29 +0000</pubDate>
		<dc:creator><![CDATA[Suvam200511405]]></dc:creator>
		<guid isPermaLink="false">http://localhost/wordpress/?page_id=3</guid>
		<description></description>
		<content:encoded><![CDATA[<!-- wp:heading --><h2>Who we are</h2><!-- /wp:heading --><!-- wp:paragraph --><p><strong class="privacy-policy-tutorial">Suggested text: </strong>Our website address is: http://localhost/wordpress.</p><!-- /wp:paragraph --><!-- wp:heading --><h2>Comments</h2><!-- /wp:heading --><!-- wp:paragraph --><p><strong class="privacy-policy-tutorial">Suggested text: </strong>When visitors leave comments on the site we collect the data shown in the comments form, and also the visitor&#8217;s IP address and browser user agent string to help spam detection.</p><!-- /wp:paragraph --><!-- wp:paragraph --><p>An anonymized string created from your email address (also called a hash) may be provided to the Gravatar service to see if you are using it. The Gravatar service privacy policy is available here: https://automattic.com/privacy/. After approval of your comment, your profile picture is visible to the public in the context of your comment.</p><!-- /wp:paragraph --><!-- wp:heading --><h2>Media</h2><!-- /wp:heading --><!-- wp:paragraph --><p><strong class="privacy-policy-tutorial">Suggested text: </strong>If you upload images to the website, you should avoid uploading images with embedded location data (EXIF GPS) included. Visitors to the website can download and extract any location data from images on the website.</p><!-- /wp:paragraph --><!-- wp:heading --><h2>Cookies</h2><!-- /wp:heading --><!-- wp:paragraph --><p><strong class="privacy-policy-tutorial">Suggested text: </strong>If you leave a comment on our site you may opt-in to saving your name, email address and website in cookies. These are for your convenience so that you do not have to fill in your details again when you leave another comment. These cookies will last for one year.</p><!-- /wp:paragraph --><!-- wp:paragraph --><p>If you visit our login page, we will set a temporary cookie to determine if your browser accepts cookies. This cookie contains no personal data and is discarded when you close your browser.</p><!-- /wp:paragraph --><!-- wp:paragraph --><p>When you log in, we will also set up several cookies to save your login information and your screen display choices. Login cookies last for two days, and screen options cookies last for a year. If you select &quot;Remember Me&quot;, your login will persist for two weeks. If you log out of your account, the login cookies will be removed.</p><!-- /wp:paragraph --><!-- wp:paragraph --><p>If you edit or publish an article, an additional cookie will be saved in your browser. This cookie includes no personal data and simply indicates the post ID of the article you just edited. It expires after 1 day.</p><!-- /wp:paragraph --><!-- wp:heading --><h2>Embedded content from other websites</h2><!-- /wp:heading --><!-- wp:paragraph --><p><strong class="privacy-policy-tutorial">Suggested text: </strong>Articles on this site may include embedded content (e.g. videos, images, articles, etc.). Embedded content from other websites behaves in the exact same way as if the visitor has visited the other website.</p><!-- /wp:paragraph --><!-- wp:paragraph --><p>These websites may collect data about you, use cookies, embed additional third-party tracking, and monitor your interaction with that embedded content, including tracking your interaction with the embedded content if you have an account and are logged in to that website.</p><!-- /wp:paragraph --><!-- wp:heading --><h2>Who we share your data with</h2><!-- /wp:heading --><!-- wp:paragraph --><p><strong class="privacy-policy-tutorial">Suggested text: </strong>If you request a password reset, your IP address will be included in the reset email.</p><!-- /wp:paragraph --><!-- wp:heading --><h2>How long we retain your data</h2><!-- /wp:heading --><!-- wp:paragraph --><p><strong class="privacy-policy-tutorial">Suggested text: </strong>If you leave a comment, the comment and its metadata are retained indefinitely. This is so we can recognize and approve any follow-up comments automatically instead of holding them in a moderation queue.</p><!-- /wp:paragraph --><!-- wp:paragraph --><p>For users that register on our website (if any), we also store the personal information they provide in their user profile. All users can see, edit, or delete their personal information at any time (except they cannot change their username). Website administrators can also see and edit that information.</p><!-- /wp:paragraph --><!-- wp:heading --><h2>What rights you have over your data</h2><!-- /wp:heading --><!-- wp:paragraph --><p><strong class="privacy-policy-tutorial">Suggested text: </strong>If you have an account on this site, or have left comments, you can request to receive an exported file of the personal data we hold about you, including any data you have provided to us. You can also request that we erase any personal data we hold about you. This does not include any data we are obliged to keep for administrative, legal, or security purposes.</p><!-- /wp:paragraph --><!-- wp:heading --><h2>Where your data is sent</h2><!-- /wp:heading --><!-- wp:paragraph --><p><strong class="privacy-policy-tutorial">Suggested text: </strong>Visitor comments may be checked through an automated spam detection service.</p><!-- /wp:paragraph -->]]></content:encoded>
		<excerpt:encoded><![CDATA[]]></excerpt:encoded>
		<wp:post_id>3</wp:post_id>
		<wp:post_date><![CDATA[2024-01-15 18:15:29]]></wp:post_date>
		<wp:post_date_gmt><![CDATA[2024-01-15 18:15:29]]></wp:post_date_gmt>
		<wp:post_modified><![CDATA[2024-01-15 18:15:29]]></wp:post_modified>
		<wp:post_modified_gmt><![CDATA[2024-01-15 18:15:29]]></wp:post_modified_gmt>
		<wp:comment_status><![CDATA[closed]]></wp:comment_status>
		<wp:ping_status><![CDATA[open]]></wp:ping_status>
		<wp:post_name><![CDATA[privacy-policy]]></wp:post_name>
		<wp:status><![CDATA[draft]]></wp:status>
		<wp:post_parent>0</wp:post_parent>
		<wp:menu_order>0</wp:menu_order>
		<wp:post_type><![CDATA[page]]></wp:post_type>
		<wp:post_password><![CDATA[]]></wp:post_password>
		<wp:is_sticky>0</wp:is_sticky>
														<wp:postmeta>
		<wp:meta_key><![CDATA[_wp_page_template]]></wp:meta_key>
		<wp:meta_value><![CDATA[default]]></wp:meta_value>
		</wp:postmeta>
							</item>
					<item>
		<title><![CDATA[Navigation]]></title>
		<link>http://localhost/wordpress/2024/01/15/navigation/</link>
		<pubDate>Mon, 15 Jan 2024 18:15:32 +0000</pubDate>
		<dc:creator><![CDATA[]]></dc:creator>
		<guid isPermaLink="false">http://localhost/wordpress/2024/01/15/navigation/</guid>
		<description></description>
		<content:encoded><![CDATA[<!-- wp:page-list /-->]]></content:encoded>
		<excerpt:encoded><![CDATA[]]></excerpt:encoded>
		<wp:post_id>4</wp:post_id>
		<wp:post_date><![CDATA[2024-01-15 18:15:32]]></wp:post_date>
		<wp:post_date_gmt><![CDATA[2024-01-15 18:15:32]]></wp:post_date_gmt>
		<wp:post_modified><![CDATA[2024-01-15 18:15:32]]></wp:post_modified>
		<wp:post_modified_gmt><![CDATA[2024-01-15 18:15:32]]></wp:post_modified_gmt>
		<wp:comment_status><![CDATA[closed]]></wp:comment_status>
		<wp:ping_status><![CDATA[closed]]></wp:ping_status>
		<wp:post_name><![CDATA[navigation]]></wp:post_name>
		<wp:status><![CDATA[publish]]></wp:status>
		<wp:post_parent>0</wp:post_parent>
		<wp:menu_order>0</wp:menu_order>
		<wp:post_type><![CDATA[wp_navigation]]></wp:post_type>
		<wp:post_password><![CDATA[]]></wp:post_password>
		<wp:is_sticky>0</wp:is_sticky>
														</item>
					<item>
		<title><![CDATA[Homepage Version - 2]]></title>
		<link>http://localhost/wordpress/homepage-version-2/</link>
		<pubDate>Mon, 15 Jan 2024 18:53:04 +0000</pubDate>
		<dc:creator><![CDATA[Suvam200511405]]></dc:creator>
		<guid isPermaLink="false">http://localhost/wordpress/?page_id=6</guid>
		<description></description>
		<content:encoded><![CDATA[<h1 style="text-align: left;"><em>Hello World!!</em></h1>
[wpforms id="10" title="false"]]]></content:encoded>
		<excerpt:encoded><![CDATA[]]></excerpt:encoded>
		<wp:post_id>6</wp:post_id>
		<wp:post_date><![CDATA[2024-01-15 18:53:04]]></wp:post_date>
		<wp:post_date_gmt><![CDATA[2024-01-15 18:53:04]]></wp:post_date_gmt>
		<wp:post_modified><![CDATA[2024-01-15 18:57:31]]></wp:post_modified>
		<wp:post_modified_gmt><![CDATA[2024-01-15 18:57:31]]></wp:post_modified_gmt>
		<wp:comment_status><![CDATA[closed]]></wp:comment_status>
		<wp:ping_status><![CDATA[closed]]></wp:ping_status>
		<wp:post_name><![CDATA[homepage-version-2]]></wp:post_name>
		<wp:status><![CDATA[publish]]></wp:status>
		<wp:post_parent>0</wp:post_parent>
		<wp:menu_order>0</wp:menu_order>
		<wp:post_type><![CDATA[page]]></wp:post_type>
		<wp:post_password><![CDATA[]]></wp:post_password>
		<wp:is_sticky>0</wp:is_sticky>
														<wp:postmeta>
		<wp:meta_key><![CDATA[_edit_last]]></wp:meta_key>
		<wp:meta_value><![CDATA[1]]></wp:meta_value>
		</wp:postmeta>
							<wp:postmeta>
		<wp:meta_key><![CDATA[_wp_page_template]]></wp:meta_key>
		<wp:meta_value><![CDATA[default]]></wp:meta_value>
		</wp:postmeta>
							</item>
					<item>
		<title><![CDATA[Homepage]]></title>
		<link>http://localhost/wordpress/?post_type=acf-field-group&#038;p=14</link>
		<pubDate>Mon, 15 Jan 2024 19:04:35 +0000</pubDate>
		<dc:creator><![CDATA[Suvam200511405]]></dc:creator>
		<guid isPermaLink="false">http://localhost/wordpress/?post_type=acf-field-group&#038;p=14</guid>
		<description></description>
		<content:encoded><![CDATA[a:8:{s:8:"location";a:1:{i:0;a:1:{i:0;a:3:{s:5:"param";s:4:"page";s:8:"operator";s:2:"==";s:5:"value";s:1:"6";}}}s:8:"position";s:6:"normal";s:5:"style";s:7:"default";s:15:"label_placement";s:3:"top";s:21:"instruction_placement";s:5:"label";s:14:"hide_on_screen";s:0:"";s:11:"description";s:0:"";s:12:"show_in_rest";i:0;}]]></content:encoded>
		<excerpt:encoded><![CDATA[homepage]]></excerpt:encoded>
		<wp:post_id>14</wp:post_id>
		<wp:post_date><![CDATA[2024-01-15 19:04:35]]></wp:post_date>
		<wp:post_date_gmt><![CDATA[2024-01-15 19:04:35]]></wp:post_date_gmt>
		<wp:post_modified><![CDATA[2024-01-15 19:04:50]]></wp:post_modified>
		<wp:post_modified_gmt><![CDATA[2024-01-15 19:04:50]]></wp:post_modified_gmt>
		<wp:comment_status><![CDATA[closed]]></wp:comment_status>
		<wp:ping_status><![CDATA[closed]]></wp:ping_status>
		<wp:post_name><![CDATA[group_65a58055d5427]]></wp:post_name>
		<wp:status><![CDATA[publish]]></wp:status>
		<wp:post_parent>0</wp:post_parent>
		<wp:menu_order>0</wp:menu_order>
		<wp:post_type><![CDATA[acf-field-group]]></wp:post_type>
		<wp:post_password><![CDATA[]]></wp:post_password>
		<wp:is_sticky>0</wp:is_sticky>
														<wp:postmeta>
		<wp:meta_key><![CDATA[_edit_last]]></wp:meta_key>
		<wp:meta_value><![CDATA[1]]></wp:meta_value>
		</wp:postmeta>
							</item>
					<item>
		<title><![CDATA[Masthead]]></title>
		<link>http://localhost/wordpress/?post_type=acf-field&#038;p=15</link>
		<pubDate>Mon, 15 Jan 2024 19:04:35 +0000</pubDate>
		<dc:creator><![CDATA[Suvam200511405]]></dc:creator>
		<guid isPermaLink="false">http://localhost/wordpress/?post_type=acf-field&#038;p=15</guid>
		<description></description>
		<content:encoded><![CDATA[a:8:{s:10:"aria-label";s:0:"";s:4:"type";s:3:"tab";s:12:"instructions";s:0:"";s:8:"required";i:0;s:17:"conditional_logic";i:0;s:7:"wrapper";a:3:{s:5:"width";s:0:"";s:5:"class";s:0:"";s:2:"id";s:0:"";}s:9:"placement";s:3:"top";s:8:"endpoint";i:0;}]]></content:encoded>
		<excerpt:encoded><![CDATA[masthead]]></excerpt:encoded>
		<wp:post_id>15</wp:post_id>
		<wp:post_date><![CDATA[2024-01-15 19:04:35]]></wp:post_date>
		<wp:post_date_gmt><![CDATA[2024-01-15 19:04:35]]></wp:post_date_gmt>
		<wp:post_modified><![CDATA[2024-01-15 19:04:35]]></wp:post_modified>
		<wp:post_modified_gmt><![CDATA[2024-01-15 19:04:35]]></wp:post_modified_gmt>
		<wp:comment_status><![CDATA[closed]]></wp:comment_status>
		<wp:ping_status><![CDATA[closed]]></wp:ping_status>
		<wp:post_name><![CDATA[field_65a5805603c4d]]></wp:post_name>
		<wp:status><![CDATA[publish]]></wp:status>
		<wp:post_parent>14</wp:post_parent>
		<wp:menu_order>0</wp:menu_order>
		<wp:post_type><![CDATA[acf-field]]></wp:post_type>
		<wp:post_password><![CDATA[]]></wp:post_password>
		<wp:is_sticky>0</wp:is_sticky>
														</item>
					<item>
		<title><![CDATA[Masthead Image]]></title>
		<link>http://localhost/wordpress/?post_type=acf-field&#038;p=16</link>
		<pubDate>Mon, 15 Jan 2024 19:04:35 +0000</pubDate>
		<dc:creator><![CDATA[Suvam200511405]]></dc:creator>
		<guid isPermaLink="false">http://localhost/wordpress/?post_type=acf-field&#038;p=16</guid>
		<description></description>
		<content:encoded><![CDATA[a:16:{s:10:"aria-label";s:0:"";s:4:"type";s:5:"image";s:12:"instructions";s:0:"";s:8:"required";i:0;s:17:"conditional_logic";i:0;s:7:"wrapper";a:3:{s:5:"width";s:0:"";s:5:"class";s:0:"";s:2:"id";s:0:"";}s:13:"return_format";s:5:"array";s:7:"library";s:3:"all";s:9:"min_width";s:0:"";s:10:"min_height";s:0:"";s:8:"min_size";s:0:"";s:9:"max_width";s:0:"";s:10:"max_height";s:0:"";s:8:"max_size";s:0:"";s:10:"mime_types";s:0:"";s:12:"preview_size";s:6:"medium";}]]></content:encoded>
		<excerpt:encoded><![CDATA[masthead_image]]></excerpt:encoded>
		<wp:post_id>16</wp:post_id>
		<wp:post_date><![CDATA[2024-01-15 19:04:35]]></wp:post_date>
		<wp:post_date_gmt><![CDATA[2024-01-15 19:04:35]]></wp:post_date_gmt>
		<wp:post_modified><![CDATA[2024-01-15 19:04:35]]></wp:post_modified>
		<wp:post_modified_gmt><![CDATA[2024-01-15 19:04:35]]></wp:post_modified_gmt>
		<wp:comment_status><![CDATA[closed]]></wp:comment_status>
		<wp:ping_status><![CDATA[closed]]></wp:ping_status>
		<wp:post_name><![CDATA[field_65a580c803c4e]]></wp:post_name>
		<wp:status><![CDATA[publish]]></wp:status>
		<wp:post_parent>14</wp:post_parent>
		<wp:menu_order>1</wp:menu_order>
		<wp:post_type><![CDATA[acf-field]]></wp:post_type>
		<wp:post_password><![CDATA[]]></wp:post_password>
		<wp:is_sticky>0</wp:is_sticky>
														</item>
					<item>
		<title><![CDATA[Masthead Title]]></title>
		<link>http://localhost/wordpress/?post_type=acf-field&#038;p=17</link>
		<pubDate>Mon, 15 Jan 2024 19:04:35 +0000</pubDate>
		<dc:creator><![CDATA[Suvam200511405]]></dc:creator>
		<guid isPermaLink="false">http://localhost/wordpress/?post_type=acf-field&#038;p=17</guid>
		<description></description>
		<content:encoded><![CDATA[a:11:{s:10:"aria-label";s:0:"";s:4:"type";s:4:"text";s:12:"instructions";s:0:"";s:8:"required";i:0;s:17:"conditional_logic";i:0;s:7:"wrapper";a:3:{s:5:"width";s:0:"";s:5:"class";s:0:"";s:2:"id";s:0:"";}s:13:"default_value";s:0:"";s:9:"maxlength";s:0:"";s:11:"placeholder";s:0:"";s:7:"prepend";s:0:"";s:6:"append";s:0:"";}]]></content:encoded>
		<excerpt:encoded><![CDATA[masthead_title]]></excerpt:encoded>
		<wp:post_id>17</wp:post_id>
		<wp:post_date><![CDATA[2024-01-15 19:04:35]]></wp:post_date>
		<wp:post_date_gmt><![CDATA[2024-01-15 19:04:35]]></wp:post_date_gmt>
		<wp:post_modified><![CDATA[2024-01-15 19:04:35]]></wp:post_modified>
		<wp:post_modified_gmt><![CDATA[2024-01-15 19:04:35]]></wp:post_modified_gmt>
		<wp:comment_status><![CDATA[closed]]></wp:comment_status>
		<wp:ping_status><![CDATA[closed]]></wp:ping_status>
		<wp:post_name><![CDATA[field_65a5811c03c4f]]></wp:post_name>
		<wp:status><![CDATA[publish]]></wp:status>
		<wp:post_parent>14</wp:post_parent>
		<wp:menu_order>2</wp:menu_order>
		<wp:post_type><![CDATA[acf-field]]></wp:post_type>
		<wp:post_password><![CDATA[]]></wp:post_password>
		<wp:is_sticky>0</wp:is_sticky>
														</item>
					<item>
		<title><![CDATA[My academic journey :]]></title>
		<link>http://localhost/wordpress/2024/02/12/my-academic-journey/</link>
		<pubDate>Mon, 12 Feb 2024 23:31:24 +0000</pubDate>
		<dc:creator><![CDATA[Suvam200511405]]></dc:creator>
		<guid isPermaLink="false">http://localhost/wordpress/?p=19</guid>
		<description></description>
		<content:encoded><![CDATA[Hi , I am Suvam Chauhan , a second year student of Georgian college studying Interactive Media Design - Web [IMDW]  program . Starting my journey in web design felt like stepping into a world where I had no experience and basic knowledge on Computer. In my first semester, I was captivated by the simplicity of HTML and CSS, shaping my first static websites with excitement. As the semesters progressed, I delved deeper into the intricacies of JavaScript, mastering its magic in bringing interactivity to my creations. With each project, I felt more confident, seamlessly blending responsive design principles and backend development techniques into my repertoire. Nowadays, I find this course very interesting and knowledgeable because of the  professors who are amazing and very helpful throughout my ongoing study. Till the last semester these are the things that I learned from this course.
<ul>
 	<li>Programming Languages: Python, JavaScript, C, C#, React</li>
 	<li>Web Development: HTML, CSS</li>
 	<li>Database Management: SQL</li>
 	<li>Software Tools: Visual Studio Code, Photoshop, Illustrator"</li>
</ul>
&nbsp;]]></content:encoded>
		<excerpt:encoded><![CDATA[]]></excerpt:encoded>
		<wp:post_id>19</wp:post_id>
		<wp:post_date><![CDATA[2024-02-12 23:31:24]]></wp:post_date>
		<wp:post_date_gmt><![CDATA[2024-02-12 23:31:24]]></wp:post_date_gmt>
		<wp:post_modified><![CDATA[2024-02-12 23:31:24]]></wp:post_modified>
		<wp:post_modified_gmt><![CDATA[2024-02-12 23:31:24]]></wp:post_modified_gmt>
		<wp:comment_status><![CDATA[open]]></wp:comment_status>
		<wp:ping_status><![CDATA[open]]></wp:ping_status>
		<wp:post_name><![CDATA[my-academic-journey]]></wp:post_name>
		<wp:status><![CDATA[publish]]></wp:status>
		<wp:post_parent>0</wp:post_parent>
		<wp:menu_order>0</wp:menu_order>
		<wp:post_type><![CDATA[post]]></wp:post_type>
		<wp:post_password><![CDATA[]]></wp:post_password>
		<wp:is_sticky>0</wp:is_sticky>
										<category domain="category" nicename="learning-journey"><![CDATA[Learning Journey]]></category>
						<wp:postmeta>
		<wp:meta_key><![CDATA[_edit_last]]></wp:meta_key>
		<wp:meta_value><![CDATA[1]]></wp:meta_value>
		</wp:postmeta>
							</item>
					<item>
		<title><![CDATA[Projects and Assignments:]]></title>
		<link>http://localhost/wordpress/2024/02/12/projects-and-assignments/</link>
		<pubDate>Mon, 12 Feb 2024 23:45:55 +0000</pubDate>
		<dc:creator><![CDATA[Suvam200511405]]></dc:creator>
		<guid isPermaLink="false">http://localhost/wordpress/?p=21</guid>
		<description></description>
		<content:encoded><![CDATA[<div class="flex justify-start gap-2">
<div class="font-bold">

As a student in my final semester of the Interactive Media Design Web (IMDW) program, These are my best projects and assignments that I built throughout my study period. I have attached a image and link to those projects as well.


</div>
<br />

<div class="font-bold">

<img class="size-full wp-image-30 aligncenter" src="http://localhost/wordpress/wp-content/uploads/2024/02/Screenshot2.png" alt="" width="800" height="400" />


</div>
<br />

<div>This is my assignment of the third semester that I build using HTML, CSS and Javascript.<a href="https://fall-css-200511405-assignment-1.netlify.app/">https://fall-css-200511405-assignment-1.netlify.app</a></div>



</div>
<br />

<div><img class="size-full wp-image-34 aligncenter" src="http://localhost/wordpress/wp-content/uploads/2024/02/Screenshot3-1.png" alt="" width="800" height="400" /></div>
<br />


<div>This one is from the first semester when I just started learning HTML and CSS. I struggled a lot to complete this one but I was happy as I accomplished this at the end .</div>
<div><a href="https://200511405-comp1002-lab8.netlify.app/">https://200511405-comp1002-lab8.netlify.app</a></div>
<div class="flex justify-start gap-2">
<br />

<div></div>
</div>]]></content:encoded>
		<excerpt:encoded><![CDATA[]]></excerpt:encoded>
		<wp:post_id>21</wp:post_id>
		<wp:post_date><![CDATA[2024-02-12 23:45:55]]></wp:post_date>
		<wp:post_date_gmt><![CDATA[2024-02-12 23:45:55]]></wp:post_date_gmt>
		<wp:post_modified><![CDATA[2024-02-13 02:10:41]]></wp:post_modified>
		<wp:post_modified_gmt><![CDATA[2024-02-13 02:10:41]]></wp:post_modified_gmt>
		<wp:comment_status><![CDATA[open]]></wp:comment_status>
		<wp:ping_status><![CDATA[open]]></wp:ping_status>
		<wp:post_name><![CDATA[projects-and-assignments]]></wp:post_name>
		<wp:status><![CDATA[publish]]></wp:status>
		<wp:post_parent>0</wp:post_parent>
		<wp:menu_order>0</wp:menu_order>
		<wp:post_type><![CDATA[post]]></wp:post_type>
		<wp:post_password><![CDATA[]]></wp:post_password>
		<wp:is_sticky>0</wp:is_sticky>
										<category domain="category" nicename="my-projects"><![CDATA[My Projects]]></category>
						<wp:postmeta>
		<wp:meta_key><![CDATA[_edit_last]]></wp:meta_key>
		<wp:meta_value><![CDATA[1]]></wp:meta_value>
		</wp:postmeta>
							</item>
					<item>
		<title><![CDATA[My Future Plans:]]></title>
		<link>http://localhost/wordpress/2024/02/12/my-future-plans/</link>
		<pubDate>Mon, 12 Feb 2024 23:57:33 +0000</pubDate>
		<dc:creator><![CDATA[Suvam200511405]]></dc:creator>
		<guid isPermaLink="false">http://localhost/wordpress/?p=23</guid>
		<description></description>
		<content:encoded><![CDATA[After I finish my Interactive Media Design Web (IMDW) course, I want to get really good at making websites and I am also thinking  to learn more about coding languages like JavaScript and Python, as well as how to manage databases . After gaining all of these knowledge I  want to work in internships or entry-level jobs to gain experience. So that, I can start looking for positions in different IT companies and expand my knowledge and skills.]]></content:encoded>
		<excerpt:encoded><![CDATA[]]></excerpt:encoded>
		<wp:post_id>23</wp:post_id>
		<wp:post_date><![CDATA[2024-02-12 23:57:33]]></wp:post_date>
		<wp:post_date_gmt><![CDATA[2024-02-12 23:57:33]]></wp:post_date_gmt>
		<wp:post_modified><![CDATA[2024-02-13 02:10:22]]></wp:post_modified>
		<wp:post_modified_gmt><![CDATA[2024-02-13 02:10:22]]></wp:post_modified_gmt>
		<wp:comment_status><![CDATA[open]]></wp:comment_status>
		<wp:ping_status><![CDATA[open]]></wp:ping_status>
		<wp:post_name><![CDATA[my-future-plans]]></wp:post_name>
		<wp:status><![CDATA[publish]]></wp:status>
		<wp:post_parent>0</wp:post_parent>
		<wp:menu_order>0</wp:menu_order>
		<wp:post_type><![CDATA[post]]></wp:post_type>
		<wp:post_password><![CDATA[]]></wp:post_password>
		<wp:is_sticky>0</wp:is_sticky>
										<category domain="category" nicename="future-goals"><![CDATA[Future Goals]]></category>
						<wp:postmeta>
		<wp:meta_key><![CDATA[_edit_last]]></wp:meta_key>
		<wp:meta_value><![CDATA[1]]></wp:meta_value>
		</wp:postmeta>
							</item>
					<item>
		<title><![CDATA[Screenshot1]]></title>
		<link>http://localhost/wordpress/2024/02/12/projects-and-assignments/screenshot1/</link>
		<pubDate>Tue, 13 Feb 2024 01:09:03 +0000</pubDate>
		<dc:creator><![CDATA[Suvam200511405]]></dc:creator>
		<guid isPermaLink="false">http://localhost/wordpress/wp-content/uploads/2024/02/Screenshot1.png</guid>
		<description></description>
		<content:encoded><![CDATA[]]></content:encoded>
		<excerpt:encoded><![CDATA[]]></excerpt:encoded>
		<wp:post_id>29</wp:post_id>
		<wp:post_date><![CDATA[2024-02-13 01:09:03]]></wp:post_date>
		<wp:post_date_gmt><![CDATA[2024-02-13 01:09:03]]></wp:post_date_gmt>
		<wp:post_modified><![CDATA[2024-02-13 01:16:30]]></wp:post_modified>
		<wp:post_modified_gmt><![CDATA[2024-02-13 01:16:30]]></wp:post_modified_gmt>
		<wp:comment_status><![CDATA[open]]></wp:comment_status>
		<wp:ping_status><![CDATA[closed]]></wp:ping_status>
		<wp:post_name><![CDATA[screenshot1]]></wp:post_name>
		<wp:status><![CDATA[inherit]]></wp:status>
		<wp:post_parent>21</wp:post_parent>
		<wp:menu_order>0</wp:menu_order>
		<wp:post_type><![CDATA[attachment]]></wp:post_type>
		<wp:post_password><![CDATA[]]></wp:post_password>
		<wp:is_sticky>0</wp:is_sticky>
						<wp:attachment_url><![CDATA[http://localhost/wordpress/wp-content/uploads/2024/02/Screenshot1.png]]></wp:attachment_url>
											<wp:postmeta>
		<wp:meta_key><![CDATA[_wp_attached_file]]></wp:meta_key>
		<wp:meta_value><![CDATA[2024/02/Screenshot1.png]]></wp:meta_value>
		</wp:postmeta>
							<wp:postmeta>
		<wp:meta_key><![CDATA[_wp_attachment_metadata]]></wp:meta_key>
		<wp:meta_value><![CDATA[a:6:{s:5:"width";i:1337;s:6:"height";i:605;s:4:"file";s:23:"2024/02/Screenshot1.png";s:8:"filesize";i:344152;s:5:"sizes";a:0:{}s:10:"image_meta";a:12:{s:8:"aperture";s:1:"0";s:6:"credit";s:0:"";s:6:"camera";s:0:"";s:7:"caption";s:0:"";s:17:"created_timestamp";s:1:"0";s:9:"copyright";s:0:"";s:12:"focal_length";s:1:"0";s:3:"iso";s:1:"0";s:13:"shutter_speed";s:1:"0";s:5:"title";s:0:"";s:11:"orientation";s:1:"0";s:8:"keywords";a:0:{}}}]]></wp:meta_value>
		</wp:postmeta>
							</item>
					<item>
		<title><![CDATA[Screenshot2]]></title>
		<link>http://localhost/wordpress/2024/02/12/projects-and-assignments/screenshot2/</link>
		<pubDate>Tue, 13 Feb 2024 01:09:04 +0000</pubDate>
		<dc:creator><![CDATA[Suvam200511405]]></dc:creator>
		<guid isPermaLink="false">http://localhost/wordpress/wp-content/uploads/2024/02/Screenshot2.png</guid>
		<description></description>
		<content:encoded><![CDATA[]]></content:encoded>
		<excerpt:encoded><![CDATA[]]></excerpt:encoded>
		<wp:post_id>30</wp:post_id>
		<wp:post_date><![CDATA[2024-02-13 01:09:04]]></wp:post_date>
		<wp:post_date_gmt><![CDATA[2024-02-13 01:09:04]]></wp:post_date_gmt>
		<wp:post_modified><![CDATA[2024-02-13 01:14:27]]></wp:post_modified>
		<wp:post_modified_gmt><![CDATA[2024-02-13 01:14:27]]></wp:post_modified_gmt>
		<wp:comment_status><![CDATA[open]]></wp:comment_status>
		<wp:ping_status><![CDATA[closed]]></wp:ping_status>
		<wp:post_name><![CDATA[screenshot2]]></wp:post_name>
		<wp:status><![CDATA[inherit]]></wp:status>
		<wp:post_parent>21</wp:post_parent>
		<wp:menu_order>0</wp:menu_order>
		<wp:post_type><![CDATA[attachment]]></wp:post_type>
		<wp:post_password><![CDATA[]]></wp:post_password>
		<wp:is_sticky>0</wp:is_sticky>
						<wp:attachment_url><![CDATA[http://localhost/wordpress/wp-content/uploads/2024/02/Screenshot2.png]]></wp:attachment_url>
											<wp:postmeta>
		<wp:meta_key><![CDATA[_wp_attached_file]]></wp:meta_key>
		<wp:meta_value><![CDATA[2024/02/Screenshot2.png]]></wp:meta_value>
		</wp:postmeta>
							<wp:postmeta>
		<wp:meta_key><![CDATA[_wp_attachment_metadata]]></wp:meta_key>
		<wp:meta_value><![CDATA[a:6:{s:5:"width";i:659;s:6:"height";i:610;s:4:"file";s:23:"2024/02/Screenshot2.png";s:8:"filesize";i:340350;s:5:"sizes";a:0:{}s:10:"image_meta";a:12:{s:8:"aperture";s:1:"0";s:6:"credit";s:0:"";s:6:"camera";s:0:"";s:7:"caption";s:0:"";s:17:"created_timestamp";s:1:"0";s:9:"copyright";s:0:"";s:12:"focal_length";s:1:"0";s:3:"iso";s:1:"0";s:13:"shutter_speed";s:1:"0";s:5:"title";s:0:"";s:11:"orientation";s:1:"0";s:8:"keywords";a:0:{}}}]]></wp:meta_value>
		</wp:postmeta>
							</item>
					<item>
		<title><![CDATA[Screenshot3]]></title>
		<link>http://localhost/wordpress/screenshot3/</link>
		<pubDate>Tue, 13 Feb 2024 01:09:04 +0000</pubDate>
		<dc:creator><![CDATA[Suvam200511405]]></dc:creator>
		<guid isPermaLink="false">http://localhost/wordpress/wp-content/uploads/2024/02/Screenshot3.png</guid>
		<description></description>
		<content:encoded><![CDATA[]]></content:encoded>
		<excerpt:encoded><![CDATA[]]></excerpt:encoded>
		<wp:post_id>31</wp:post_id>
		<wp:post_date><![CDATA[2024-02-13 01:09:04]]></wp:post_date>
		<wp:post_date_gmt><![CDATA[2024-02-13 01:09:04]]></wp:post_date_gmt>
		<wp:post_modified><![CDATA[2024-02-13 01:09:04]]></wp:post_modified>
		<wp:post_modified_gmt><![CDATA[2024-02-13 01:09:04]]></wp:post_modified_gmt>
		<wp:comment_status><![CDATA[open]]></wp:comment_status>
		<wp:ping_status><![CDATA[closed]]></wp:ping_status>
		<wp:post_name><![CDATA[screenshot3]]></wp:post_name>
		<wp:status><![CDATA[inherit]]></wp:status>
		<wp:post_parent>0</wp:post_parent>
		<wp:menu_order>0</wp:menu_order>
		<wp:post_type><![CDATA[attachment]]></wp:post_type>
		<wp:post_password><![CDATA[]]></wp:post_password>
		<wp:is_sticky>0</wp:is_sticky>
						<wp:attachment_url><![CDATA[http://localhost/wordpress/wp-content/uploads/2024/02/Screenshot3.png]]></wp:attachment_url>
											<wp:postmeta>
		<wp:meta_key><![CDATA[_wp_attached_file]]></wp:meta_key>
		<wp:meta_value><![CDATA[2024/02/Screenshot3.png]]></wp:meta_value>
		</wp:postmeta>
							<wp:postmeta>
		<wp:meta_key><![CDATA[_wp_attachment_metadata]]></wp:meta_key>
		<wp:meta_value><![CDATA[a:6:{s:5:"width";i:641;s:6:"height";i:605;s:4:"file";s:23:"2024/02/Screenshot3.png";s:8:"filesize";i:239660;s:5:"sizes";a:0:{}s:10:"image_meta";a:12:{s:8:"aperture";s:1:"0";s:6:"credit";s:0:"";s:6:"camera";s:0:"";s:7:"caption";s:0:"";s:17:"created_timestamp";s:1:"0";s:9:"copyright";s:0:"";s:12:"focal_length";s:1:"0";s:3:"iso";s:1:"0";s:13:"shutter_speed";s:1:"0";s:5:"title";s:0:"";s:11:"orientation";s:1:"0";s:8:"keywords";a:0:{}}}]]></wp:meta_value>
		</wp:postmeta>
							</item>
					<item>
		<title><![CDATA[Screenshot1]]></title>
		<link>http://localhost/wordpress/screenshot1-2/</link>
		<pubDate>Tue, 13 Feb 2024 01:13:12 +0000</pubDate>
		<dc:creator><![CDATA[Suvam200511405]]></dc:creator>
		<guid isPermaLink="false">http://localhost/wordpress/wp-content/uploads/2024/02/Screenshot1-1.png</guid>
		<description></description>
		<content:encoded><![CDATA[]]></content:encoded>
		<excerpt:encoded><![CDATA[]]></excerpt:encoded>
		<wp:post_id>32</wp:post_id>
		<wp:post_date><![CDATA[2024-02-13 01:13:12]]></wp:post_date>
		<wp:post_date_gmt><![CDATA[2024-02-13 01:13:12]]></wp:post_date_gmt>
		<wp:post_modified><![CDATA[2024-02-13 01:13:12]]></wp:post_modified>
		<wp:post_modified_gmt><![CDATA[2024-02-13 01:13:12]]></wp:post_modified_gmt>
		<wp:comment_status><![CDATA[open]]></wp:comment_status>
		<wp:ping_status><![CDATA[closed]]></wp:ping_status>
		<wp:post_name><![CDATA[screenshot1-2]]></wp:post_name>
		<wp:status><![CDATA[inherit]]></wp:status>
		<wp:post_parent>0</wp:post_parent>
		<wp:menu_order>0</wp:menu_order>
		<wp:post_type><![CDATA[attachment]]></wp:post_type>
		<wp:post_password><![CDATA[]]></wp:post_password>
		<wp:is_sticky>0</wp:is_sticky>
						<wp:attachment_url><![CDATA[http://localhost/wordpress/wp-content/uploads/2024/02/Screenshot1-1.png]]></wp:attachment_url>
											<wp:postmeta>
		<wp:meta_key><![CDATA[_wp_attached_file]]></wp:meta_key>
		<wp:meta_value><![CDATA[2024/02/Screenshot1-1.png]]></wp:meta_value>
		</wp:postmeta>
							<wp:postmeta>
		<wp:meta_key><![CDATA[_wp_attachment_metadata]]></wp:meta_key>
		<wp:meta_value><![CDATA[a:6:{s:5:"width";i:1337;s:6:"height";i:605;s:4:"file";s:25:"2024/02/Screenshot1-1.png";s:8:"filesize";i:344152;s:5:"sizes";a:0:{}s:10:"image_meta";a:12:{s:8:"aperture";s:1:"0";s:6:"credit";s:0:"";s:6:"camera";s:0:"";s:7:"caption";s:0:"";s:17:"created_timestamp";s:1:"0";s:9:"copyright";s:0:"";s:12:"focal_length";s:1:"0";s:3:"iso";s:1:"0";s:13:"shutter_speed";s:1:"0";s:5:"title";s:0:"";s:11:"orientation";s:1:"0";s:8:"keywords";a:0:{}}}]]></wp:meta_value>
		</wp:postmeta>
							</item>
					<item>
		<title><![CDATA[Screenshot2]]></title>
		<link>http://localhost/wordpress/screenshot2-2/</link>
		<pubDate>Tue, 13 Feb 2024 01:13:13 +0000</pubDate>
		<dc:creator><![CDATA[Suvam200511405]]></dc:creator>
		<guid isPermaLink="false">http://localhost/wordpress/wp-content/uploads/2024/02/Screenshot2-1.png</guid>
		<description></description>
		<content:encoded><![CDATA[]]></content:encoded>
		<excerpt:encoded><![CDATA[]]></excerpt:encoded>
		<wp:post_id>33</wp:post_id>
		<wp:post_date><![CDATA[2024-02-13 01:13:13]]></wp:post_date>
		<wp:post_date_gmt><![CDATA[2024-02-13 01:13:13]]></wp:post_date_gmt>
		<wp:post_modified><![CDATA[2024-02-13 01:13:13]]></wp:post_modified>
		<wp:post_modified_gmt><![CDATA[2024-02-13 01:13:13]]></wp:post_modified_gmt>
		<wp:comment_status><![CDATA[open]]></wp:comment_status>
		<wp:ping_status><![CDATA[closed]]></wp:ping_status>
		<wp:post_name><![CDATA[screenshot2-2]]></wp:post_name>
		<wp:status><![CDATA[inherit]]></wp:status>
		<wp:post_parent>0</wp:post_parent>
		<wp:menu_order>0</wp:menu_order>
		<wp:post_type><![CDATA[attachment]]></wp:post_type>
		<wp:post_password><![CDATA[]]></wp:post_password>
		<wp:is_sticky>0</wp:is_sticky>
						<wp:attachment_url><![CDATA[http://localhost/wordpress/wp-content/uploads/2024/02/Screenshot2-1.png]]></wp:attachment_url>
											<wp:postmeta>
		<wp:meta_key><![CDATA[_wp_attached_file]]></wp:meta_key>
		<wp:meta_value><![CDATA[2024/02/Screenshot2-1.png]]></wp:meta_value>
		</wp:postmeta>
							<wp:postmeta>
		<wp:meta_key><![CDATA[_wp_attachment_metadata]]></wp:meta_key>
		<wp:meta_value><![CDATA[a:6:{s:5:"width";i:659;s:6:"height";i:610;s:4:"file";s:25:"2024/02/Screenshot2-1.png";s:8:"filesize";i:340350;s:5:"sizes";a:0:{}s:10:"image_meta";a:12:{s:8:"aperture";s:1:"0";s:6:"credit";s:0:"";s:6:"camera";s:0:"";s:7:"caption";s:0:"";s:17:"created_timestamp";s:1:"0";s:9:"copyright";s:0:"";s:12:"focal_length";s:1:"0";s:3:"iso";s:1:"0";s:13:"shutter_speed";s:1:"0";s:5:"title";s:0:"";s:11:"orientation";s:1:"0";s:8:"keywords";a:0:{}}}]]></wp:meta_value>
		</wp:postmeta>
							</item>
					<item>
		<title><![CDATA[Screenshot3]]></title>
		<link>http://localhost/wordpress/2024/02/12/projects-and-assignments/screenshot3-2/</link>
		<pubDate>Tue, 13 Feb 2024 01:13:13 +0000</pubDate>
		<dc:creator><![CDATA[Suvam200511405]]></dc:creator>
		<guid isPermaLink="false">http://localhost/wordpress/wp-content/uploads/2024/02/Screenshot3-1.png</guid>
		<description></description>
		<content:encoded><![CDATA[]]></content:encoded>
		<excerpt:encoded><![CDATA[]]></excerpt:encoded>
		<wp:post_id>34</wp:post_id>
		<wp:post_date><![CDATA[2024-02-13 01:13:13]]></wp:post_date>
		<wp:post_date_gmt><![CDATA[2024-02-13 01:13:13]]></wp:post_date_gmt>
		<wp:post_modified><![CDATA[2024-02-13 01:16:58]]></wp:post_modified>
		<wp:post_modified_gmt><![CDATA[2024-02-13 01:16:58]]></wp:post_modified_gmt>
		<wp:comment_status><![CDATA[open]]></wp:comment_status>
		<wp:ping_status><![CDATA[closed]]></wp:ping_status>
		<wp:post_name><![CDATA[screenshot3-2]]></wp:post_name>
		<wp:status><![CDATA[inherit]]></wp:status>
		<wp:post_parent>21</wp:post_parent>
		<wp:menu_order>0</wp:menu_order>
		<wp:post_type><![CDATA[attachment]]></wp:post_type>
		<wp:post_password><![CDATA[]]></wp:post_password>
		<wp:is_sticky>0</wp:is_sticky>
						<wp:attachment_url><![CDATA[http://localhost/wordpress/wp-content/uploads/2024/02/Screenshot3-1.png]]></wp:attachment_url>
											<wp:postmeta>
		<wp:meta_key><![CDATA[_wp_attached_file]]></wp:meta_key>
		<wp:meta_value><![CDATA[2024/02/Screenshot3-1.png]]></wp:meta_value>
		</wp:postmeta>
							<wp:postmeta>
		<wp:meta_key><![CDATA[_wp_attachment_metadata]]></wp:meta_key>
		<wp:meta_value><![CDATA[a:6:{s:5:"width";i:641;s:6:"height";i:605;s:4:"file";s:25:"2024/02/Screenshot3-1.png";s:8:"filesize";i:239660;s:5:"sizes";a:0:{}s:10:"image_meta";a:12:{s:8:"aperture";s:1:"0";s:6:"credit";s:0:"";s:6:"camera";s:0:"";s:7:"caption";s:0:"";s:17:"created_timestamp";s:1:"0";s:9:"copyright";s:0:"";s:12:"focal_length";s:1:"0";s:3:"iso";s:1:"0";s:13:"shutter_speed";s:1:"0";s:5:"title";s:0:"";s:11:"orientation";s:1:"0";s:8:"keywords";a:0:{}}}]]></wp:meta_value>
		</wp:postmeta>
							</item>
					<item>
		<title><![CDATA[Screenshot1]]></title>
		<link>http://localhost/wordpress/2024/02/12/projects-and-assignments/screenshot1-3/</link>
		<pubDate>Tue, 13 Feb 2024 01:13:56 +0000</pubDate>
		<dc:creator><![CDATA[Suvam200511405]]></dc:creator>
		<guid isPermaLink="false">http://localhost/wordpress/wp-content/uploads/2024/02/Screenshot1-2.png</guid>
		<description></description>
		<content:encoded><![CDATA[]]></content:encoded>
		<excerpt:encoded><![CDATA[]]></excerpt:encoded>
		<wp:post_id>35</wp:post_id>
		<wp:post_date><![CDATA[2024-02-13 01:13:56]]></wp:post_date>
		<wp:post_date_gmt><![CDATA[2024-02-13 01:13:56]]></wp:post_date_gmt>
		<wp:post_modified><![CDATA[2024-02-13 01:13:56]]></wp:post_modified>
		<wp:post_modified_gmt><![CDATA[2024-02-13 01:13:56]]></wp:post_modified_gmt>
		<wp:comment_status><![CDATA[open]]></wp:comment_status>
		<wp:ping_status><![CDATA[closed]]></wp:ping_status>
		<wp:post_name><![CDATA[screenshot1-3]]></wp:post_name>
		<wp:status><![CDATA[inherit]]></wp:status>
		<wp:post_parent>21</wp:post_parent>
		<wp:menu_order>0</wp:menu_order>
		<wp:post_type><![CDATA[attachment]]></wp:post_type>
		<wp:post_password><![CDATA[]]></wp:post_password>
		<wp:is_sticky>0</wp:is_sticky>
						<wp:attachment_url><![CDATA[http://localhost/wordpress/wp-content/uploads/2024/02/Screenshot1-2.png]]></wp:attachment_url>
											<wp:postmeta>
		<wp:meta_key><![CDATA[_wp_attached_file]]></wp:meta_key>
		<wp:meta_value><![CDATA[2024/02/Screenshot1-2.png]]></wp:meta_value>
		</wp:postmeta>
							<wp:postmeta>
		<wp:meta_key><![CDATA[_wp_attachment_metadata]]></wp:meta_key>
		<wp:meta_value><![CDATA[a:6:{s:5:"width";i:1337;s:6:"height";i:605;s:4:"file";s:25:"2024/02/Screenshot1-2.png";s:8:"filesize";i:344152;s:5:"sizes";a:0:{}s:10:"image_meta";a:12:{s:8:"aperture";s:1:"0";s:6:"credit";s:0:"";s:6:"camera";s:0:"";s:7:"caption";s:0:"";s:17:"created_timestamp";s:1:"0";s:9:"copyright";s:0:"";s:12:"focal_length";s:1:"0";s:3:"iso";s:1:"0";s:13:"shutter_speed";s:1:"0";s:5:"title";s:0:"";s:11:"orientation";s:1:"0";s:8:"keywords";a:0:{}}}]]></wp:meta_value>
		</wp:postmeta>
							</item>
					<item>
		<title><![CDATA[Screenshot 1]]></title>
		<link>http://localhost/wordpress/2024/02/12/projects-and-assignments/screenshot-1/</link>
		<pubDate>Tue, 13 Feb 2024 01:21:32 +0000</pubDate>
		<dc:creator><![CDATA[Suvam200511405]]></dc:creator>
		<guid isPermaLink="false">http://localhost/wordpress/wp-content/uploads/2024/02/Screenshot-1.png</guid>
		<description></description>
		<content:encoded><![CDATA[]]></content:encoded>
		<excerpt:encoded><![CDATA[]]></excerpt:encoded>
		<wp:post_id>37</wp:post_id>
		<wp:post_date><![CDATA[2024-02-13 01:21:32]]></wp:post_date>
		<wp:post_date_gmt><![CDATA[2024-02-13 01:21:32]]></wp:post_date_gmt>
		<wp:post_modified><![CDATA[2024-02-13 01:21:32]]></wp:post_modified>
		<wp:post_modified_gmt><![CDATA[2024-02-13 01:21:32]]></wp:post_modified_gmt>
		<wp:comment_status><![CDATA[open]]></wp:comment_status>
		<wp:ping_status><![CDATA[closed]]></wp:ping_status>
		<wp:post_name><![CDATA[screenshot-1]]></wp:post_name>
		<wp:status><![CDATA[inherit]]></wp:status>
		<wp:post_parent>21</wp:post_parent>
		<wp:menu_order>0</wp:menu_order>
		<wp:post_type><![CDATA[attachment]]></wp:post_type>
		<wp:post_password><![CDATA[]]></wp:post_password>
		<wp:is_sticky>0</wp:is_sticky>
						<wp:attachment_url><![CDATA[http://localhost/wordpress/wp-content/uploads/2024/02/Screenshot-1.png]]></wp:attachment_url>
											<wp:postmeta>
		<wp:meta_key><![CDATA[_wp_attached_file]]></wp:meta_key>
		<wp:meta_value><![CDATA[2024/02/Screenshot-1.png]]></wp:meta_value>
		</wp:postmeta>
							<wp:postmeta>
		<wp:meta_key><![CDATA[_wp_attachment_metadata]]></wp:meta_key>
		<wp:meta_value><![CDATA[a:6:{s:5:"width";i:655;s:6:"height";i:605;s:4:"file";s:24:"2024/02/Screenshot-1.png";s:8:"filesize";i:219146;s:5:"sizes";a:0:{}s:10:"image_meta";a:12:{s:8:"aperture";s:1:"0";s:6:"credit";s:0:"";s:6:"camera";s:0:"";s:7:"caption";s:0:"";s:17:"created_timestamp";s:1:"0";s:9:"copyright";s:0:"";s:12:"focal_length";s:1:"0";s:3:"iso";s:1:"0";s:13:"shutter_speed";s:1:"0";s:5:"title";s:0:"";s:11:"orientation";s:1:"0";s:8:"keywords";a:0:{}}}]]></wp:meta_value>
		</wp:postmeta>
							</item>
				</channel>
</rss>
	